RNG seed,algorithm,number of tasks,big resources,little resources,time max,stateless ratio,period,big used,little used,number of stages,tasks per stage,resources per stage,types of resources,load per stage
0,HeRAD,22,16,4,0,0,95059,9,4,7,3|1|1|1|6|7|4,1|1|1|1|1|7|1,Little|Little|Little|Big|Big|Big|Little,89485|90290|88316|95059|57294|84780.6|53277,
0,2CATAC,22,16,4,0,0,95059,9,4,7,3|1|1|1|9|5|3,1|1|1|1|1|7|1,Little|Little|Little|Big|Big|Big|Little,89485|90290|88316|95059|73597|85189.7|6791,
0,FERTAC,22,16,4,0,0,95059,10,4,8,3|1|1|1|2|7|5|3,1|1|1|1|1|1|7|1,Little|Little|Little|Big|Little|Big|Big|Big,89485|90290|88316|95059|18136|64340|85189.7|2305,
0,OTAC_big,22,16,4,0,0,95059,11,0,5,5|1|9|5|3,1|1|1|7|1,Big|Big|Big|Big|Big,85792|95059|73597|85189.7|2305,
0,OTAC_little,22,16,4,0,0,647088,0,4,3,13|6|4,1|2|1,Little|Little|Little,647088|641882|53277,
0,HeRAD,22,8,2,0,0,112874,8,2,7,5|1|9|1|2|1|4,1|1|1|2|1|3|1,Big|Big|Big|Big|Little|Big|Little,85792|95059|73597|112874|56508|111329|53277,
0,2CATAC,22,8,2,0,0,115432,8,1,5,5|3|7|4|4,1|1|1|5|1,Big|Big|Big|Big|Little,85792|104316|64340|115432|53277,
0,FERTAC,22,8,2,0,0,126564,8,2,6,3|1|2|9|5|3,1|1|1|1|5|1,Little|Little|Big|Big|Big|Big,89485|90290|126564|73597|119266|2305,
0,OTAC_big,22,8,2,0,0,144290,8,0,5,5|4|6|4|4,1|1|1|4|1,Big|Big|Big|Big|Big,85792|140418|28238|144290|21472,
0,OTAC_little,22,8,2,0,0,1.144e+06,0,2,2,16|7,1|1,Little|Little,1.144e+06|840134,
