RNG seed,algorithm,number of tasks,big resources,little resources,time max,stateless ratio,period,big used,little used,number of stages,tasks per stage,resources per stage,types of resources,load per stage
0,HeRAD,22,6,8,0,0,134190,5,8,6,5|1|6|4|3|4,1|1|1|2|7|1,Big|Big|Big|Big|Little|Little,104775|134190|64852|122839|131973|74128,
0,2CATAC,22,6,8,0,0,134190,5,8,6,5|1|9|3|2|3,1|1|1|2|7|1,Big|Big|Big|Big|Little|Little,104775|134190|98223|119598|125543|11945,
0,FERTAC,22,6,8,0,0,155225,6,8,7,3|2|3|4|6|1|4,1|1|1|1|5|4|1,Little|Little|Big|Little|Little|Big|Big,88025|142449|146403|131514|146475|155225|61969,
0,OTAC_big,22,6,8,0,0,286699,6,0,4,8|7|4|4,1|1|3|1,Big|Big|Big|Big,251178|86010|286699|61969,
0,OTAC_little,22,6,8,0,0,374514,0,8,5,5|5|5|4|4,1|1|1|4|1,Little|Little|Little|Little|Little,230474|372565|77847|374514|74128,
0,HeRAD,22,3,4,0,0,272206,3,4,5,5|10|3|1|4,1|1|1|3|1,Big|Big|Big|Little|Little,104775|232413|239197|272206|74128,
0,2CATAC,22,3,4,0,0,272206,3,4,5,5|10|3|1|4,1|1|1|3|1,Little|Big|Big|Little|Big,230474|232413|239197|272206|61969,
0,FERTAC,22,3,4,0,0,286699,3,4,5,5|3|7|4|4,1|1|1|3|1,Little|Little|Little|Big|Little,230474|267963|182449|286699|74128,
0,OTAC_big,22,3,4,0,0,620900,3,0,3,18|1|4,1|1|1,Big|Big|Big,576385|620900|61969,
0,OTAC_little,22,3,4,0,0,749028,0,4,3,15|4|4,1|2|1,Little|Little|Little,680886|749028|74128,
